StockCode,Description
85123,WHITE HANGING HEART T-LIGHT HOLDER
71053,WHITE METAL LANTERN
84406,CREAM CUPID HEARTS COAT HANGER
84029,KNITTED UNION FLAG HOT WATER BOTTLE
84029,RED WOOLLY HOTTIE WHITE HEART.
22752,SET 7 BABUSHKA NESTING BOXES
21730,GLASS STAR FROSTED T-LIGHT HOLDER
22633,HAND WARMER UNION JACK
22632,HAND WARMER RED POLKA DOT
84879,ASSORTED COLOUR BIRD ORNAMENT
22745,POPPY'S PLAYHOUSE BEDROOM 
22748,POPPY'S PLAYHOUSE KITCHEN
22749,FELTCRAFT PRINCESS CHARLOTTE DOLL
22310,IVORY KNITTED MUG COSY 
84969,BOX OF 6 ASSORTED COLOUR TEASPOONS
22623,BOX OF VINTAGE JIGSAW BLOCKS 
22622,BOX OF VINTAGE ALPHABET BLOCKS
21754,HOME BUILDING BLOCK WORD
21755,LOVE BUILDING BLOCK WORD
21777,RECIPE BOX WITH METAL HEART
48187,DOORMAT NEW ENGLAND
22960,JAM MAKING SET WITH JARS
22913,RED COAT RACK PARIS FASHION
22912,YELLOW COAT RACK PARIS FASHION
22914,BLUE COAT RACK PARIS FASHION
21756,BATH BUILDING BLOCK WORD
22728,ALARM CLOCK BAKELIKE PINK
22727,ALARM CLOCK BAKELIKE RED 
22726,ALARM CLOCK BAKELIKE GREEN
21724,PANDA AND BUNNIES STICKER SHEET
21883,STARS GIFT TAPE 
10002,INFLATABLE POLITICAL GLOBE 
21791,VINTAGE HEADS AND TAILS CARD GAME 
21035,SET/2 RED RETROSPOT TEA TOWELS 
22326,ROUND SNACK BOXES SET OF4 WOODLAND 
22629,SPACEBOY LUNCH BOX 
22659,LUNCH BOX I LOVE LONDON
22631,CIRCUS PARADE LUNCH BOX 
22661,CHARLOTTE BAG DOLLY GIRL DESIGN
21731,RED TOADSTOOL LED NIGHT LIGHT
22900, SET 2 TEA TOWELS I LOVE LONDON 
21913,VINTAGE SEASIDE JIGSAW PUZZLES
22540,MINI JIGSAW CIRCUS PARADE 
22544,MINI JIGSAW SPACEBOY
22492,MINI PAINT SET VINTAGE 
25999,POSTAGE
22086,PAPER CHAIN KIT 50'S CHRISTMAS 
22632,HAND WARMER RED POLKA DOT
22633,HAND WARMER UNION JACK
85123,WHITE HANGING HEART T-LIGHT HOLDER
71053,WHITE METAL LANTERN
84406,CREAM CUPID HEARTS COAT HANGER
20679,EDWARDIAN PARASOL RED
37370,RETRO COFFEE MUGS ASSORTED
21871,SAVE THE PLANET MUG
21071,VINTAGE BILLBOARD DRINK ME MUG
21068,VINTAGE BILLBOARD LOVE/HATE MUG
82483,WOOD 2 DRAWER CABINET WHITE FINISH
82486,WOOD S/3 CABINET ANT WHITE FINISH
82482,WOODEN PICTURE FRAME WHITE FINISH
82494,WOODEN FRAME ANTIQUE WHITE 
84029,KNITTED UNION FLAG HOT WATER BOTTLE
84029,RED WOOLLY HOTTIE WHITE HEART.
22752,SET 7 BABUSHKA NESTING BOXES
21730,GLASS STAR FROSTED T-LIGHT HOLDER
21258,VICTORIAN SEWING BOX LARGE
85123,WHITE HANGING HEART T-LIGHT HOLDER
71053,WHITE METAL LANTERN
84406,CREAM CUPID HEARTS COAT HANGER
20679,EDWARDIAN PARASOL RED
37370,RETRO COFFEE MUGS ASSORTED
21871,SAVE THE PLANET MUG
21071,VINTAGE BILLBOARD DRINK ME MUG
21068,VINTAGE BILLBOARD LOVE/HATE MUG
82483,WOOD 2 DRAWER CABINET WHITE FINISH
82486,WOOD S/3 CABINET ANT WHITE FINISH
82482,WOODEN PICTURE FRAME WHITE FINISH
82494,WOODEN FRAME ANTIQUE WHITE 
84029,KNITTED UNION FLAG HOT WATER BOTTLE
84029,RED WOOLLY HOTTIE WHITE HEART.
22752,SET 7 BABUSHKA NESTING BOXES
21730,GLASS STAR FROSTED T-LIGHT HOLDER
22114,HOT WATER BOTTLE TEA AND SYMPATHY
21733,RED HANGING HEART T-LIGHT HOLDER
22632,HAND WARMER RED POLKA DOT
22633,HAND WARMER UNION JACK
22386,JUMBO BAG PINK POLKADOT
85099,JUMBO  BAG BAROQUE BLACK WHITE
21033,JUMBO BAG CHARLIE AND LOLA TOYS
20723,STRAWBERRY CHARLOTTE BAG
84997,RED 3 PIECE RETROSPOT CUTLERY SET
84997,BLUE 3 PIECE POLKADOT CUTLERY SET
21094,SET/6 RED SPOTTY PAPER PLATES
20725,LUNCH BAG RED RETROSPOT
21559,STRAWBERRY LUNCH BOX WITH CUTLERY
22352,LUNCH BOX WITH CUTLERY RETROSPOT 
21212,PACK OF 72 RETROSPOT CAKE CASES
21975,PACK OF 60 DINOSAUR CAKE CASES
21977,PACK OF 60 PINK PAISLEY CAKE CASES
84991,60 TEATIME FAIRY CAKE CASES
84519,TOMATO CHARLIE+LOLA COASTER SET
85183,CHARLIE & LOLA WASTEPAPER BIN FLORA
85071,RED CHARLIE+LOLA PERSONAL DOORSIGN
21931,JUMBO STORAGE BAG SUKI
21929,JUMBO BAG PINK VINTAGE PAISLEY
22961,JAM MAKING SET PRINTED
22139,RETROSPOT TEA SET CERAMIC 11 PC 
84854,GIRLY PINK TOOL SET
22411,JUMBO SHOPPER VINTAGE RED PAISLEY
82567,"AIRLINE LOUNGE,METAL SIGN"
21672,WHITE SPOT RED CERAMIC DRAWER KNOB
22774,RED DRAWER KNOB ACRYLIC EDWARDIAN
22771,CLEAR DRAWER KNOB ACRYLIC EDWARDIAN
71270,PHOTO CLIP LINE
22262,FELT EGG COSY CHICKEN
22637,PIGGY BANK RETROSPOT 
21934,SKULL SHOULDER BAG
21169,YOU'RE CONFUSING ME METAL SIGN 
21166,COOK WITH WINE METAL SIGN 
21175,GIN + TONIC DIET METAL SIGN
37444,YELLOW BREAKFAST CUP AND SAUCER
37444,PINK BREAKFAST CUP AND SAUCER 
22086,PAPER CHAIN KIT 50'S CHRISTMAS 
22083,PAPER CHAIN KIT RETROSPOT
84971,SMALL HEART FLOWERS HOOK 
71270,PHOTO CLIP LINE
47580,TEA TIME DES TEA COSY
22261,FELT EGG COSY WHITE RABBIT 
84832,ZINC WILLIE WINKIE  CANDLE STICK
22644,CERAMIC CHERRY CAKE MONEY BANK
21533,RETROSPOT LARGE MILK JUG
21557,SET OF 6 FUNKY BEAKERS
15056,EDWARDIAN PARASOL BLACK
15056,EDWARDIAN PARASOL NATURAL
22646,CERAMIC STRAWBERRY CAKE MONEY BANK
22176,BLUE OWL SOFT TOY
22438,BALLOON ART MAKE YOUR OWN FLOWERS
21731,RED TOADSTOOL LED NIGHT LIGHT
22778,GLASS CLOCHE SMALL
22719,GUMBALL MONOCHROME COAT RACK
21523,DOORMAT FANCY FONT HOME SWEET HOME
25641,Discount
10002,INFLATABLE POLITICAL GLOBE 
21912,VINTAGE SNAKES & LADDERS
21832,CHOCOLATE CALCULATOR
22411,JUMBO SHOPPER VINTAGE RED PAISLEY
22379,RECYCLING BAG RETROSPOT 
22381,TOY TIDY PINK POLKADOT
22798,ANTIQUE GLASS DRESSING TABLE POT
22726,ALARM CLOCK BAKELIKE GREEN
22926,IVORY GIANT GARDEN THERMOMETER
22839,3 TIER CAKE TIN GREEN AND CREAM
22838,3 TIER CAKE TIN RED AND CREAM
22783,SET 3 WICKER OVAL BASKETS W LIDS
35004,SET OF 3 COLOURED  FLYING DUCKS
82484,WOOD BLACK BOARD ANT WHITE FINISH
84755,COLOUR GLASS T-LIGHT HOLDER HANGING
22464,HANGING METAL HEART LANTERN
21324,HANGING MEDINA LANTERN SMALL
22457,NATURAL SLATE HEART CHALKBOARD 
22469,HEART OF WICKER SMALL
22470,HEART OF WICKER LARGE
22224,WHITE LOVEBIRD LANTERN
21340,CLASSIC METAL BIRDCAGE PLANT HOLDER
22189,CREAM HEART CARD HOLDER
22427,ENAMEL FLOWER JUG CREAM
22428,ENAMEL FIRE BUCKET CREAM
22424,ENAMEL BREAD BIN CREAM
22783,SET 3 WICKER OVAL BASKETS W LIDS
22961,JAM MAKING SET PRINTED
22960,JAM MAKING SET WITH JARS
22663,JUMBO BAG DOLLY GIRL DESIGN
85049,TRADITIONAL CHRISTMAS RIBBONS
22168,ORGANISER WOOD ANTIQUE WHITE 
22662,LUNCH BAG DOLLY GIRL DESIGN
84880,WHITE WIRE EGG HOLDER
85099,JUMBO  BAG BAROQUE BLACK WHITE
85099,JUMBO BAG RED RETROSPOT
79321,CHILLI LIGHTS
22780,LIGHT GARLAND BUTTERFILES PINK
22779,WOODEN OWLS LIGHT GARLAND 
22466,FAIRY TALE COTTAGE NIGHTLIGHT
21731,RED TOADSTOOL LED NIGHT LIGHT
21754,HOME BUILDING BLOCK WORD
21755,LOVE BUILDING BLOCK WORD
21523,DOORMAT FANCY FONT HOME SWEET HOME
21363,HOME SMALL WOOD LETTERS
21411,GINGHAM HEART  DOORSTOP RED
22318,FIVE HEART HANGING DECORATION
22464,HANGING METAL HEART LANTERN
22915,ASSORTED BOTTLE TOP  MAGNETS 
22922,FRIDGE MAGNETS US DINER ASSORTED
22969,HOMEMADE JAM SCENTED CANDLES
22923,FRIDGE MAGNETS LES ENFANTS ASSORTED
21115,ROSE CARAVAN DOORSTOP
22469,HEART OF WICKER SMALL
22242,5 HOOK HANGER MAGIC TOADSTOOL
22941,CHRISTMAS LIGHTS 10 REINDEER
21622,VINTAGE UNION JACK CUSHION COVER
21791,VINTAGE HEADS AND TAILS CARD GAME 
35004,SET OF 3 COLOURED  FLYING DUCKS
35004,SET OF 3 GOLD FLYING DUCKS
85014,RED RETROSPOT UMBRELLA
85014,BLACK/BLUE POLKADOT UMBRELLA
22193,RED DINER WALL CLOCK
22726,ALARM CLOCK BAKELIKE GREEN
22727,ALARM CLOCK BAKELIKE RED 
22192,BLUE DINER WALL CLOCK
22191,IVORY DINER WALL CLOCK
22195,LARGE HEART MEASURING SPOONS
22196,SMALL HEART MEASURING SPOONS
22941,CHRISTMAS LIGHTS 10 REINDEER
22960,JAM MAKING SET WITH JARS
22961,JAM MAKING SET PRINTED
22962,JAM JAR WITH PINK LID
22963,JAM JAR WITH GREEN LID
22968,ROSE COTTAGE KEEPSAKE BOX 
84970,HANGING HEART ZINC T-LIGHT HOLDER
22910,PAPER CHAIN KIT VINTAGE CHRISTMAS
20668,DISCO BALL CHRISTMAS DECORATION
85123,WHITE HANGING HEART T-LIGHT HOLDER
22197,SMALL POPCORN HOLDER
22198,LARGE POPCORN HOLDER 
21533,RETROSPOT LARGE MILK JUG
21080,SET/20 RED RETROSPOT PAPER NAPKINS 
21094,SET/6 RED SPOTTY PAPER PLATES
21086,SET/6 RED SPOTTY PAPER CUPS
21786,POLKADOT RAIN HAT 
22654,DELUXE SEWING KIT 
21485,RETROSPOT HEART HOT WATER BOTTLE
84029,KNITTED UNION FLAG HOT WATER BOTTLE
84030,ENGLISH ROSE HOT WATER BOTTLE
22174,PHOTO CUBE
22969,HOMEMADE JAM SCENTED CANDLES
85099,JUMBO BAG RED RETROSPOT
22556,PLASTERS IN TIN CIRCUS PARADE 
21984,PACK OF 12 PINK PAISLEY TISSUES 
21983,PACK OF 12 BLUE PAISLEY TISSUES 
21980,PACK OF 12 RED RETROSPOT TISSUES 
21484,CHICK GREY HOT WATER BOTTLE
22557,PLASTERS IN TIN VINTAGE PAISLEY 
22553,PLASTERS IN TIN SKULLS
22150,3 STRIPEY MICE FELTCRAFT
22619,SET OF 6 SOLDIER SKITTLES
21891,TRADITIONAL WOODEN SKIPPING ROPE
21889,WOODEN BOX OF DOMINOES
22827,RUSTIC  SEVENTEEN DRAWER SIDEBOARD
22127,PARTY CONES CARNIVAL ASSORTED
22128,PARTY CONES CANDY ASSORTED
22502,PICNIC BASKET WICKER SMALL
84879,ASSORTED COLOUR BIRD ORNAMENT
22338,STAR DECORATION PAINTED ZINC 
22180,RETROSPOT LAMP
21506,"FANCY FONT BIRTHDAY CARD, "
22633,HAND WARMER UNION JACK
22866,HAND WARMER SCOTTY DOG DESIGN
22865,HAND WARMER OWL DESIGN
22632,HAND WARMER RED RETROSPOT
21485,RETROSPOT HEART HOT WATER BOTTLE
22349,DOG BOWL CHASING BALL DESIGN
22558,CLOTHES PEGS RETROSPOT PACK 24 
85152,HAND OVER THE CHOCOLATE   SIGN 
85123,WHITE HANGING HEART T-LIGHT HOLDER
22652,TRAVEL SEWING KIT
22188,BLACK HEART CARD HOLDER
84879,ASSORTED COLOUR BIRD ORNAMENT
21977,PACK OF 60 PINK PAISLEY CAKE CASES
84991,60 TEATIME FAIRY CAKE CASES
21212,PACK OF 72 RETROSPOT CAKE CASES
21484,CHICK GREY HOT WATER BOTTLE
21314,SMALL GLASS HEART TRINKET POT
22730,ALARM CLOCK BAKELIKE IVORY
22727,ALARM CLOCK BAKELIKE RED 
22729,ALARM CLOCK BAKELIKE ORANGE
22726,ALARM CLOCK BAKELIKE GREEN
22114,HOT WATER BOTTLE TEA AND SYMPATHY
22867,HAND WARMER BIRD DESIGN
22866,HAND WARMER SCOTTY DOG DESIGN
85123,WHITE HANGING HEART T-LIGHT HOLDER
71053,WHITE METAL LANTERN
84406,CREAM CUPID HEARTS COAT HANGER
15056,EDWARDIAN PARASOL BLACK
20679,EDWARDIAN PARASOL RED
37370,RETRO COFFEE MUGS ASSORTED
21871,SAVE THE PLANET MUG
21071,VINTAGE BILLBOARD DRINK ME MUG
21068,VINTAGE BILLBOARD LOVE/HATE MUG
82483,WOOD 2 DRAWER CABINET WHITE FINISH
82486,WOOD S/3 CABINET ANT WHITE FINISH
82482,WOODEN PICTURE FRAME WHITE FINISH
82494,WOODEN FRAME ANTIQUE WHITE 
84029,KNITTED UNION FLAG HOT WATER BOTTLE
84029,RED WOOLLY HOTTIE WHITE HEART.
22752,SET 7 BABUSHKA NESTING BOXES
22803,IVORY EMBROIDERED QUILT 
21730,GLASS STAR FROSTED T-LIGHT HOLDER
35004,SET OF 3 BLACK FLYING DUCKS
35004,SET OF 3 COLOURED  FLYING DUCKS
21980,PACK OF 12 RED RETROSPOT TISSUES 
